<?xml version="1.0" encoding="UTF-8"?>
<!DOCTYPE mapper PUBLIC "-//mybatis.org//DTD Mapper 3.0//EN" "http://mybatis.org/dtd/mybatis-3-mapper.dtd">
<mapper namespace="com.example.demo.mapper.ExamInfoMapper">

    <!--&amp;amp;lt;!&amp;amp;ndash;遍历集合&amp;amp;ndash;&amp;amp;gt;-->
    <!--&amp;lt;insert id="addUser" parameterType="java.util.ArrayList"&amp;gt;-->
    <!--insert into user(name,sex) values-->
    <!--&amp;lt;foreach collection="list" item="item" index="index" separator=","&amp;gt;-->
    <!--(#{item.name},#{item.sex})-->
    <!--&amp;lt;/foreach&amp;gt;-->
    <!--&amp;lt;/insert&amp;gt;-->

    <insert id="addExamInfo" parameterType="com.example.demo.form.ExamInfoForm">
        INSERT INTO exam_info(direction, name, question_id, userAnswer, ifTrue)
                                  values
         <foreach collection="info" item="item" index="index" separator=",">
             (#{direction},#{name},#{item.questionId},#{item.userAnswer},#{item.ifTrue})
         </foreach>

    </insert>

    <select id="queryQuestionAnswer" resultType="string" parameterType="string">
        select questionAnswer from questionBank where question_id = #{qid}
    </select>

    <select id="getExamInfo" parameterType="java.lang.String" resultType="com.example.demo.dto.QuestionInfoDto">
        select questionContent,questionAnswer,userAnswer,type,optionA,optionB,optionC,optionD,ifTrue
        from answer_system_easy.questionBank q,answer_system_easy.exam_info e where q.question_id = e.question_id
                                                                                and name = #{name} order by name
    </select>

    <select id="getAllName" resultType="com.example.demo.dto.AllNameDto">
        select direction,name from answer_system_easy.exam_info group by name
    </select>

    <select id="getAllNameByDirection" parameterType="java.lang.String" resultType="com.example.demo.dto.AllNameDto">
        select direction,name from answer_system_easy.exam_info where direction = #{direction} group by name
    </select>

    <select id="getAllQuestion" resultType="com.example.demo.entity.QuestionBankEntity">
        select question_id, type, questionContent, optionA, optionB, optionC, optionD from questionBank
    </select>

</mapper>